<?xml version="1.0" encoding="UTF-8"?>
<GenRun Id="impl_1" LaunchPart="xc7z020clg400-1" LaunchTime="1668772554">
  <File Type="BITSTR-BMM" Name="RSA_soc_wrapper_bd.bmm"/>
  <File Type="OPT-METHODOLOGY-DRC" Name="RSA_soc_wrapper_methodology_drc_opted.rpt"/>
  <File Type="INIT-TIMING" Name="RSA_soc_wrapper_timing_summary_init.rpt"/>
  <File Type="ROUTE-PWR" Name="RSA_soc_wrapper_power_routed.rpt"/>
  <File Type="PA-TCL" Name="RSA_soc_wrapper.tcl"/>
  <File Type="OPT-TIMING" Name="RSA_soc_wrapper_timing_summary_opted.rpt"/>
  <File Type="OPT-DCP" Name="RSA_soc_wrapper_opt.dcp"/>
  <File Type="ROUTE-PWR-SUM" Name="RSA_soc_wrapper_power_summary_routed.pb"/>
  <File Type="REPORTS-TCL" Name="RSA_soc_wrapper_reports.tcl"/>
  <File Type="OPT-DRC" Name="RSA_soc_wrapper_drc_opted.rpt"/>
  <File Type="OPT-HWDEF" Name="RSA_soc_wrapper.hwdef"/>
  <File Type="PWROPT-DCP" Name="RSA_soc_wrapper_pwropt.dcp"/>
  <File Type="PWROPT-DRC" Name="RSA_soc_wrapper_drc_pwropted.rpt"/>
  <File Type="PWROPT-TIMING" Name="RSA_soc_wrapper_timing_summary_pwropted.rpt"/>
  <File Type="PLACE-DCP" Name="RSA_soc_wrapper_placed.dcp"/>
  <File Type="PLACE-IO" Name="RSA_soc_wrapper_io_placed.rpt"/>
  <File Type="PLACE-CLK" Name="RSA_soc_wrapper_clock_utilization_placed.rpt"/>
  <File Type="PLACE-UTIL" Name="RSA_soc_wrapper_utilization_placed.rpt"/>
  <File Type="PLACE-UTIL-PB" Name="RSA_soc_wrapper_utilization_placed.pb"/>
  <File Type="PLACE-CTRL" Name="RSA_soc_wrapper_control_sets_placed.rpt"/>
  <File Type="PLACE-SIMILARITY" Name="RSA_soc_wrapper_incremental_reuse_placed.rpt"/>
  <File Type="PLACE-PRE-SIMILARITY" Name="RSA_soc_wrapper_incremental_reuse_pre_placed.rpt"/>
  <File Type="PLACE-TIMING" Name="RSA_soc_wrapper_timing_summary_placed.rpt"/>
  <File Type="POSTPLACE-PWROPT-DCP" Name="RSA_soc_wrapper_postplace_pwropt.dcp"/>
  <File Type="BG-BIN" Name="RSA_soc_wrapper.bin"/>
  <File Type="POSTPLACE-PWROPT-TIMING" Name="RSA_soc_wrapper_timing_summary_postplace_pwropted.rpt"/>
  <File Type="PHYSOPT-DCP" Name="RSA_soc_wrapper_physopt.dcp"/>
  <File Type="PHYSOPT-DRC" Name="RSA_soc_wrapper_drc_physopted.rpt"/>
  <File Type="BITSTR-MSK" Name="RSA_soc_wrapper.msk"/>
  <File Type="PHYSOPT-TIMING" Name="RSA_soc_wrapper_timing_summary_physopted.rpt"/>
  <File Type="ROUTE-ERROR-DCP" Name="RSA_soc_wrapper_routed_error.dcp"/>
  <File Type="ROUTE-DCP" Name="RSA_soc_wrapper_routed.dcp"/>
  <File Type="ROUTE-BLACKBOX-DCP" Name="RSA_soc_wrapper_routed_bb.dcp"/>
  <File Type="ROUTE-DRC" Name="RSA_soc_wrapper_drc_routed.rpt"/>
  <File Type="ROUTE-DRC-PB" Name="RSA_soc_wrapper_drc_routed.pb"/>
  <File Type="ROUTE-DRC-RPX" Name="RSA_soc_wrapper_drc_routed.rpx"/>
  <File Type="BITSTR-MMI" Name="RSA_soc_wrapper.mmi"/>
  <File Type="ROUTE-METHODOLOGY-DRC" Name="RSA_soc_wrapper_methodology_drc_routed.rpt"/>
  <File Type="ROUTE-METHODOLOGY-DRC-RPX" Name="RSA_soc_wrapper_methodology_drc_routed.rpx"/>
  <File Type="ROUTE-METHODOLOGY-DRC-PB" Name="RSA_soc_wrapper_methodology_drc_routed.pb"/>
  <File Type="ROUTE-PWR-RPX" Name="RSA_soc_wrapper_power_routed.rpx"/>
  <File Type="ROUTE-STATUS" Name="RSA_soc_wrapper_route_status.rpt"/>
  <File Type="ROUTE-STATUS-PB" Name="RSA_soc_wrapper_route_status.pb"/>
  <File Type="ROUTE-TIMINGSUMMARY" Name="RSA_soc_wrapper_timing_summary_routed.rpt"/>
  <File Type="ROUTE-TIMING-PB" Name="RSA_soc_wrapper_timing_summary_routed.pb"/>
  <File Type="ROUTE-TIMING-RPX" Name="RSA_soc_wrapper_timing_summary_routed.rpx"/>
  <File Type="ROUTE-SIMILARITY" Name="RSA_soc_wrapper_incremental_reuse_routed.rpt"/>
  <File Type="ROUTE-CLK" Name="RSA_soc_wrapper_clock_utilization_routed.rpt"/>
  <File Type="ROUTE-BUS-SKEW" Name="RSA_soc_wrapper_bus_skew_routed.rpt"/>
  <File Type="ROUTE-BUS-SKEW-PB" Name="RSA_soc_wrapper_bus_skew_routed.pb"/>
  <File Type="ROUTE-BUS-SKEW-RPX" Name="RSA_soc_wrapper_bus_skew_routed.rpx"/>
  <File Type="POSTROUTE-PHYSOPT-DCP" Name="RSA_soc_wrapper_postroute_physopt.dcp"/>
  <File Type="POSTROUTE-PHYSOPT-BLACKBOX-DCP" Name="RSA_soc_wrapper_postroute_physopt_bb.dcp"/>
  <File Type="POSTROUTE-PHYSOPT-TIMING" Name="RSA_soc_wrapper_timing_summary_postroute_physopted.rpt"/>
  <File Type="POSTROUTE-PHYSOPT-TIMING-PB" Name="RSA_soc_wrapper_timing_summary_postroute_physopted.pb"/>
  <File Type="POSTROUTE-PHYSOPT-TIMING-RPX" Name="RSA_soc_wrapper_timing_summary_postroute_physopted.rpx"/>
  <File Type="POSTROUTE-PHYSOPT-BUS-SKEW" Name="RSA_soc_wrapper_bus_skew_postroute_physopted.rpt"/>
  <File Type="POSTROUTE-PHYSOPT-BUS-SKEW-PB" Name="RSA_soc_wrapper_bus_skew_postroute_physopted.pb"/>
  <File Type="BG-BIT" Name="RSA_soc_wrapper.bit"/>
  <File Type="POSTROUTE-PHYSOPT-BUS-SKEW-RPX" Name="RSA_soc_wrapper_bus_skew_postroute_physopted.rpx"/>
  <File Type="BITSTR-RBT" Name="RSA_soc_wrapper.rbt"/>
  <File Type="BITSTR-NKY" Name="RSA_soc_wrapper.nky"/>
  <File Type="PDI-FILE" Name="RSA_soc_wrapper.pdi"/>
  <File Type="RCFI_FILE" Name="RSA_soc_wrapper.rcfi"/>
  <File Type="CFI_FILE" Name="RSA_soc_wrapper.cfi"/>
  <File Type="RNPI_FILE" Name="RSA_soc_wrapper.rnpi"/>
  <File Type="NPI_FILE" Name="RSA_soc_wrapper.npi"/>
  <File Type="RBD_FILE" Name="RSA_soc_wrapper.rbd"/>
  <File Type="BITSTR-LTX" Name="debug_nets.ltx"/>
  <File Type="BITSTR-LTX" Name="RSA_soc_wrapper.ltx"/>
  <File Type="BITSTR-SYSDEF" Name="RSA_soc_wrapper.sysdef"/>
  <File Type="BG-BGN" Name="RSA_soc_wrapper.bgn"/>
  <File Type="BG-DRC" Name="RSA_soc_wrapper.drc"/>
  <File Type="RDI-RDI" Name="RSA_soc_wrapper.vdi"/>
  <File Type="WBT-USG" Name="usage_statistics_webtalk.html"/>
  <FileSet Name="sources" Type="DesignSrcs" RelSrcDir="$PSRCDIR/sources_1">
    <Filter Type="Srcs"/>
    <File Path="$PPRDIR/../boards/rsa_soc.bd">
      <FileInfo>
        <Attr Name="UsedIn" Val="synthesis"/>
        <Attr Name="UsedIn" Val="implementation"/>
        <Attr Name="UsedIn" Val="simulation"/>
      </FileInfo>
    </File>
    <File Path="$PPRDIR/../source/rsa_soc.vhd">
      <FileInfo SFType="VHDL2008">
        <Attr Name="UsedIn" Val="synthesis"/>
        <Attr Name="UsedIn" Val="simulation"/>
      </FileInfo>
    </File>
    <File Path="$PPRDIR/../boards/rsa_soc.bxml"/>
    <File Path="$PPRDIR/../boards/rsa_soc_ooc.xdc">
      <FileInfo>
        <Attr Name="UsedIn" Val="synthesis"/>
        <Attr Name="UsedIn" Val="implementation"/>
      </FileInfo>
    </File>
    <Config>
      <Option Name="DesignMode" Val="RTL"/>
      <Option Name="TopModule" Val="RSA_soc_wrapper"/>
    </Config>
  </FileSet>
  <FileSet Name="constrs_in" Type="Constrs" RelSrcDir="$PSRCDIR/constrs_1">
    <Filter Type="Constrs"/>
    <File Path="$PPRDIR/../../Master_constraints/PYNQ-Z1_C.xdc">
      <FileInfo>
        <Attr Name="UsedIn" Val="synthesis"/>
        <Attr Name="UsedIn" Val="implementation"/>
      </FileInfo>
    </File>
    <Config>
      <Option Name="ConstrsType" Val="XDC"/>
    </Config>
  </FileSet>
  <FileSet Name="utils" Type="Utils" RelSrcDir="$PSRCDIR/utils_1">
    <Filter Type="Utils"/>
    <Config>
      <Option Name="TopAutoSet" Val="TRUE"/>
    </Config>
  </FileSet>
  <Strategy Version="1" Minor="2">
    <StratHandle Name="Vivado Implementation Defaults" Flow="Vivado Implementation 2020"/>
    <Step Id="init_design"/>
    <Step Id="opt_design"/>
    <Step Id="power_opt_design"/>
    <Step Id="place_design"/>
    <Step Id="post_place_power_opt_design"/>
    <Step Id="phys_opt_design"/>
    <Step Id="route_design"/>
    <Step Id="post_route_phys_opt_design"/>
    <Step Id="write_bitstream"/>
  </Strategy>
  <BlockFileSet Type="BlockSrcs" Name="rsa_soc_rst_ps7_0_100M_0"/>
  <BlockFileSet Type="BlockSrcs" Name="rsa_soc_axi_smc_0"/>
  <BlockFileSet Type="BlockSrcs" Name="rsa_soc_auto_pc_0"/>
  <BlockFileSet Type="BlockSrcs" Name="rsa_soc_processing_system7_0_0"/>
  <BlockFileSet Type="BlockSrcs" Name="rsa_soc_rsa_dma_0"/>
  <BlockFileSet Type="BlockSrcs" Name="rsa_soc_xbar_0"/>
  <BlockFileSet Type="BlockSrcs" Name="rsa_soc_rsa_acc_0"/>
</GenRun>
