<?xml version="1.0"?>
<Runs Version="1" Minor="0">
	<Run Id="rsa_soc_rst_ps7_0_100M_0_synth_1" LaunchDir="C:/Users/student/gruppe2/tfe4141/project/rsa_vhdl_files/RSA_soc/RSA_soc/RSA_soc.runs/rsa_soc_rst_ps7_0_100M_0_synth_1" FlowId="Vivado_Synthesis" FromStepId="vivado" ToStepId="vivado"/>
	<Run Id="rsa_soc_axi_smc_0_synth_1" LaunchDir="C:/Users/student/gruppe2/tfe4141/project/rsa_vhdl_files/RSA_soc/RSA_soc/RSA_soc.runs/rsa_soc_axi_smc_0_synth_1" FlowId="Vivado_Synthesis" FromStepId="vivado" ToStepId="vivado"/>
	<Run Id="rsa_soc_processing_system7_0_0_synth_1" LaunchDir="C:/Users/student/gruppe2/tfe4141/project/rsa_vhdl_files/RSA_soc/RSA_soc/RSA_soc.runs/rsa_soc_processing_system7_0_0_synth_1" FlowId="Vivado_Synthesis" FromStepId="vivado" ToStepId="vivado"/>
	<Run Id="rsa_soc_xbar_0_synth_1" LaunchDir="C:/Users/student/gruppe2/tfe4141/project/rsa_vhdl_files/RSA_soc/RSA_soc/RSA_soc.runs/rsa_soc_xbar_0_synth_1" FlowId="Vivado_Synthesis" FromStepId="vivado" ToStepId="vivado"/>
	<Run Id="rsa_soc_auto_pc_0_synth_1" LaunchDir="C:/Users/student/gruppe2/tfe4141/project/rsa_vhdl_files/RSA_soc/RSA_soc/RSA_soc.runs/rsa_soc_auto_pc_0_synth_1" FlowId="Vivado_Synthesis" FromStepId="vivado" ToStepId="vivado"/>
	<Run Id="rsa_soc_rsa_dma_0_synth_1" LaunchDir="C:/Users/student/gruppe2/tfe4141/project/rsa_vhdl_files/RSA_soc/RSA_soc/RSA_soc.runs/rsa_soc_rsa_dma_0_synth_1" FlowId="Vivado_Synthesis" FromStepId="vivado" ToStepId="vivado"/>
	<Run Id="rsa_soc_rsa_acc_0_synth_1" LaunchDir="C:/Users/student/gruppe2/tfe4141/project/rsa_vhdl_files/RSA_soc/RSA_soc/RSA_soc.runs/rsa_soc_rsa_acc_0_synth_1" FlowId="Vivado_Synthesis" FromStepId="vivado" ToStepId="vivado"/>
	<Run Id="synth_1" LaunchDir="C:/Users/student/gruppe2/tfe4141/project/rsa_vhdl_files/RSA_soc/RSA_soc/RSA_soc.runs/synth_1" FlowId="Vivado_Synthesis" FromStepId="vivado" ToStepId="vivado">
		<Parent Id="rsa_soc_rst_ps7_0_100M_0_synth_1"/>
		<Parent Id="rsa_soc_axi_smc_0_synth_1"/>
		<Parent Id="rsa_soc_processing_system7_0_0_synth_1"/>
		<Parent Id="rsa_soc_xbar_0_synth_1"/>
		<Parent Id="rsa_soc_auto_pc_0_synth_1"/>
		<Parent Id="rsa_soc_rsa_dma_0_synth_1"/>
		<Parent Id="rsa_soc_rsa_acc_0_synth_1"/>
	</Run>
	<Parameters>
		<Parameter Name="runs.monitorLSFJobs" Val="true" Type="bool"/>
		<Parameter Name="runs.enableClusterConf" Val="true" Type="bool"/>
	</Parameters>
</Runs>

